Feature_1,Feature_2,Feature_3,Feature_4,Feature_5,Feature_6,Feature_7,Feature_8,Feature_9,Feature_10,Class
-0.6889707065147339,0.33607116792566905,-1.3881640456771127,0.12165272898487933,2.0483546209146857,0.8960019167461186,1.9571745336396382,-0.02683184370905971,1.1798704525730779,2.020356261588032,0
0.19112589968655436,-0.09711820107514263,0.28814707396896777,1.1222660459693856,1.4778227258744052,1.5163192829013363,0.14891007584637195,-0.679440922931713,0.826175554397192,2.005490691005243,0
1.0619058657333367,-0.3587659360951468,-1.0635508675557999,-0.13319713876542338,1.8999656876884925,-0.9108414243710417,-0.08152282681934891,-0.18241813553953884,-0.5238779434228975,-1.0538437024494218,0
2.895938678490329,1.0489699425911703,1.0155279476080112,1.0584697513659551,1.0430980740749578,-1.4545125818051896,-0.4668031186925292,-0.6680706520977705,-1.5468802456954438,-2.5854413077076086,0
-1.7706982982338078,0.3388146008107369,-0.7149556609725565,0.3724577712189646,0.9748301342177433,1.6887837074026475,-0.9941800924017872,0.3932692234702219,2.130100792873959,3.331610588666417,0
-1.4151219648554028,2.765979614439267,-0.48901767674210395,-0.58903711079792,0.12402512560804146,-0.22204608355472955,0.09913833941812458,-0.8417119460380091,1.367095594800326,0.42845225010459104,1
-2.4980998228716693,-0.4303854763970162,-2.0280571990695173,1.212189709428132,0.4679679531684794,2.541191436167835,0.3803814482163112,-0.19084131864335074,2.5650995860725687,6.503887215204702,0
4.643871534111944,-0.2730197607260194,-0.319881297760519,1.1299437620894142,0.1533515451137326,-4.043495130776494,0.36512541198301046,0.970941331376861,-3.7405271579162784,-4.556663992310418,0
-3.323087260749708,0.5998592998356451,-1.2576671384909117,0.5919948260586992,0.34318521306179417,2.771425799536755,-0.1460868215316796,-0.5929265330480219,3.3358262929032056,5.943766933987717,0
-2.4182203580720154,0.7141034997200926,-1.4432626826443276,1.8018193517358179,0.55652642650335,3.4091041135429165,-0.15382602719836666,-0.872929676739566,2.8051853485144926,7.399508551036231,0
-0.6108168648137924,1.8646250568230789,-2.203531438569887,-0.034573256449269785,2.725525938494209,0.7654092821796895,1.109929595880336,-0.09239843860334836,1.0735408648492826,2.163551909875171,0
2.1447514778178203,1.0714113018874913,-2.001050506874885,2.2570554172466704,0.606667943716614,-0.7641479448188537,2.020049106929647,0.9667604626089467,-1.3729947111192429,2.126002050973931,0
-0.9599410482404411,0.2767229725883162,-0.33648756187940565,-0.4902895440992797,0.8682481563137484,0.31482272571143644,-1.2975096399822306,-0.7578561960058762,1.1029889451192825,0.42067882596374934,1
5.148893223219675,-1.5253190902334557,2.7494747038922216,0.08754449093499483,1.1572988143310887,-3.7582093235524043,-1.1338155950868831,-0.2180358781982199,-3.5346579805113665,-8.298805390565429,0
3.551572422592873,0.8415283420397591,1.6159956683964802,0.3311995046080515,0.9506893224481248,-2.6353495838461187,-0.6176366093942468,2.1876498745500195,-2.267961260460431,-5.231632332634988,0
-3.005322302405352,-1.6597555854780628,-2.1960579417341606,0.0011179996450704222,3.1299424696612075,3.6350447124405516,-2.144802702550238,0.5328333007968004,3.3236028076079895,5.915574055895954,0
1.4157001375423321,-2.140265878777979,0.963250419695302,0.6246362328577769,0.6932436014662435,-0.41707742465244957,-1.400673991118563,0.0143320598441565,-0.5249531084298604,-1.26421053012289,0
-2.5261587345296737,-0.639764527444133,-2.5234171358775557,3.108713662821359,-1.1463514950106921,3.019475048085084,-1.0024719316058948,-1.1017931979198936,2.676056497106279,9.812827623632154,0
0.9651234639452007,-0.2795683042665431,2.1668291627905187,-1.6337419728068507,3.3770297084709084,2.9630942666658333,-0.9976745727406487,1.0366468294192557,-0.8295809957733209,-2.5553770304298475,1
-1.036947341076813,-1.1030234554704978,0.9007824025037745,-0.4104571580413694,1.5257256791114862,1.2316990219060058,0.3590201525559389,-0.9878088345880198,1.7175905064056982,0.2931439464016641,0
-0.16845099589478144,0.27402735267208544,-0.932017773460264,0.9918663854727868,0.6216467158470542,0.42526450343780187,0.15187760961393976,1.2548119434691696,0.6973114023186393,2.266889043642257,0
0.7675693524124726,0.6283820360376229,2.5147137003011903,-1.9918051905635132,3.2708522953971597,0.8863153611244934,-0.2395073687649446,-1.0676348506009778,-0.007060794346502863,-4.583393694972923,1
-1.2714755594446367,1.0552188513310425,-0.7697199355166151,-0.007168575827501522,1.3602835134572837,1.1500096990976851,0.0004454941875451166,-1.2971686218848764,1.6153687304050708,2.100812517170485,0
1.6849861741361907,0.13682182967129333,-1.766100458968968,0.7861328760615629,1.2189275291235055,-1.337728074993132,-1.1843601723120227,-0.49938429859137107,-1.1599782085955042,-0.06365412848542626,0
0.1899688222821477,1.441716760950052,-1.1893911996547875,0.6882231408346913,2.3242092073287637,0.8190067420755603,0.7841275908647004,0.31059125887270267,0.6825163879610555,1.889436814579548,0
2.421509152740499,-0.6956713778482021,1.9382596289795915,2.4624674392849775,-1.0430499032632223,-0.37185264783797933,-1.0841913910223249,0.4695718183484327,-1.1346638245832237,-0.08943127199656445,0
-2.4886305343751016,0.41767369848378655,-0.8473358820582454,0.0017663548570930887,1.6691047342605994,2.6862230013220634,0.8469970876894585,0.17481776880877767,2.7487652731890453,4.096592467430893,0
-1.1747882673047658,1.0742472339446603,-0.22621064791923362,0.39812286349122816,0.8011868422170729,1.3597562537805756,1.5261863173616617,-0.7206396718319498,1.598151618040263,2.382807623691882,0
1.553237266614917,-1.81203890112962,-0.8017483973333979,0.26745385594777427,2.1960212660439273,-0.7704022195259501,0.6405335916310338,-1.201303349767834,-0.6836031867555157,-1.010509775955241,0
-2.054868511233062,0.6918811448550872,-0.9848451031355007,0.5282366955587585,1.0249969479987249,2.312260064978975,1.3349032478434442,0.6297498783986742,2.299245730380111,4.360615789104316,0
-0.2187854276032695,1.0728867429928937,1.5876102975951658,-1.8971879833596093,2.2933210360371628,-0.3238422410805355,0.32543685943381034,-0.28616863668797066,0.8940404105307722,-3.8632107505080926,1
-1.7120349087591178,-1.7869457313398482,-0.004636062081280423,0.32560275197861355,1.788055091358976,2.6750947383420374,1.157346311723567,1.2865973693976245,2.351841378327432,3.345123002822618,0
-1.0313476236667414,-2.6388085002598998,-1.1530779076611277,-0.549827763856443,2.434366493266451,0.9282600927244344,0.7789797120440013,-2.409888167106808,1.4420434971452,1.2238914989193588,0
-1.5905785141351971,0.40208825820294014,-0.3289237704522494,0.9437924226625595,0.5813800745517385,2.0067292127327736,-1.2915256017682013,0.2908528001767071,2.106130145188949,3.933742145154925,0
0.020857176366756068,-0.6399918167774491,-2.46835741820707,1.2756539503987607,0.549953969180766,-0.19692436352627518,-0.1662214847101506,1.533854941032175,0.26784472952735017,3.129472854821877,0
1.5866742440899306,-0.20945256564907563,0.5501195604473652,1.775972560196701,0.36669630543708875,0.24255152571011096,-1.4045642570696417,-1.4164976350794674,-0.5324310845107998,0.8774008911103988,0
-4.24382662639236,1.0819420597408491,-0.8953891239432873,1.4060936003889308,0.3819461078472528,4.865316956483734,0.9955324690830808,0.8160728433938479,4.450562173411711,8.875990581966121,0
-0.7968344952137807,-0.7993484533760062,-0.550754865300362,-0.17323062390216082,2.11757647209984,1.1578730621316293,-0.8201768790460255,-1.2513782464273926,1.3700196938208915,1.3162633340326881,0
0.6966024427015864,0.542704397976724,0.19091999679079974,0.5856202725640145,1.0300770473219072,-0.1473428849814693,-1.0388597897868805,0.13571859054799862,0.15543894290102578,-0.10760054601113181,0
2.360639185772042,0.5679417430751318,0.46951810285100226,1.1102891339994085,0.89690114175065,-0.9476633494069882,-0.6986048355960544,-0.8705171058476889,-1.2886022535134325,-1.377650640401668,0
1.1785168922246683,0.681339503185609,-2.988078072209126,1.1221177246833332,1.1153469685324566,-1.2044916073149783,0.1543366870644103,1.71193719581703,-0.8428076665490492,1.6857976014410658,0
0.1143585356728692,0.6990136200130055,0.12709733266096168,0.7327759469295044,0.7279828364421023,0.5160277281823071,0.6354460283143577,-1.1174181735133961,0.576867362152856,1.0483457575283606,0
2.6853473680418687,-0.5615879353732794,0.1357117954360354,0.9603019140999501,1.2009540988863594,-1.5400042190480532,1.9898550733375573,0.3509425048957069,-1.555034412446592,-2.0253761401090014,0
-1.4787271145852425,-0.7328928857272259,-2.0698668978959818,1.2475299813358265,1.1319398568448145,1.8970558604459395,-0.06957820892122617,0.8899875622171,1.8508691919913718,5.314296807643398,0
-0.06904481734404888,0.4683155849391383,-1.3414806437623672,0.7023516644174785,0.6260045163105366,-0.12608163189458654,0.5199990757978105,-0.9778372003712856,0.42805540756625127,1.718645227109045,0
-0.5686784332040328,-0.4871580226457061,0.2429062478101951,1.073427994566217,0.3427497408571749,1.3126176186355736,1.429117018551031,-0.6149504381483357,1.2296922965240928,2.5021323395961934,0
-0.205214268667432,0.7613055634094525,1.3923892603790602,-3.1615285393496766,3.232078287599247,0.08362990381651103,-1.1459005899823282,0.51651728439791,0.3065194570800317,-5.164712347506418,1
-2.428476261335158,-0.6133608125182829,-0.3314442092309263,1.8623689521179547,0.3215133272943419,3.743042939288204,-0.642757302948558,1.7015210704207346,3.0253056665428986,6.973503947207482,0
-0.19145760362406944,-0.38024155593020326,-1.2458138401180194,1.0837221531815067,0.8733956056676042,0.5963533879328897,-1.9180996005037925,-0.15010422158550477,0.7411321609985515,2.712582042443567,0
-0.7152574639775413,0.5370908330611436,0.11184096898330798,1.924376111877264,0.47853110365915297,2.4226229412048186,0.05162637671120796,-0.20572759082797323,1.6064521934655889,4.55935378592151,0
0.2179256643188162,-0.9494243267257642,0.11795211725102361,3.1497390560548246,-1.479888396675031,1.2576578380455108,1.434734979664344,-0.4600762541334986,0.6448864902124113,4.84325290024791,0
-0.6797493103191625,-0.006351556772868734,-2.6687065056980535,0.8267339159416128,1.7174042607624607,0.9324898882003083,1.5622551319504216,0.6184883804564755,0.9840328479676669,3.869774328725931,0
2.4258103711197263,-2.3702524800658122,-0.5146196696324334,1.0898847947101895,-0.07316597571628525,-2.1676048887709127,0.25216735047557565,-1.1860692313994132,-1.8093928067666658,-1.523026384164128,0
0.3225084090046996,-0.9960497860017741,-0.3109266491999162,0.21574473879778866,1.4278968386278552,0.0015422793753804287,-0.5323122659297901,1.1951391798334359,0.3528185895261371,0.09901889471504698,0
-2.360939327938113,1.6411595390915734,-1.8410991227042344,2.910008262317115,-1.245517634931085,2.800599820719041,1.1294735893439463,0.6816906899038048,2.6112437457378164,8.820680915034655,0
1.7004461530274875,2.2192012719617784,-2.121251703755382,0.5248319270751393,1.320075119872381,-1.8731248920250967,0.2518367506236188,-0.9168846917185619,-1.2403541562216973,-0.5535993206078674,0
-4.767121177729456,1.199638079185914,-1.9219020225296253,1.5216410776103926,1.1559268742944648,5.428549657651478,-0.21865441149590414,-1.5531320533688295,5.012541606124519,10.426467857355615,0
-2.2154243912286957,-0.775034189423724,-3.912764349325108,0.9641175949909063,2.3445578586189466,2.4226030505528353,-0.010937837016195572,-0.657484937966344,2.359615746831765,7.001203866200295,0
-1.6195057150545495,0.25206034270527783,-1.1727757134367063,0.568828840877752,1.6577894647756308,2.122050354344875,-0.3761323809741358,1.7492242025271545,2.0980738231764997,4.024283096571246,0
-1.3109757705761587,1.2477568340762155,-1.3252124614622505,0.959677246701884,0.6475967709840398,1.4217966456097682,1.1899113972411677,1.0136757405438634,1.6398855592185724,4.024400858408261,0
-0.24906087838954943,0.011141563048757437,-2.20946518679058,2.155947526481173,-0.8403564812333724,0.22395076926217394,0.709641290505807,1.2656295355856315,0.4238688126958624,4.723149465046308,0
-1.0540017202199674,-0.8060675587498047,-2.1319521461082207,1.0301900496237746,2.198513541397795,1.8871508105460464,-0.47285142234964317,-1.2844303744075998,1.6972194021174476,4.648018951204461,0
-0.22163684184756066,-1.6247979901029892,-1.553630742522274,1.316225850896191,1.269806820094272,1.1861529805683246,-1.2090343969891855,-0.23833817231357088,0.8150167530596588,3.6207234835341358,0
-0.4414642954479312,-1.3723746002994057,-0.26237585760000626,1.1726977865931663,0.3996584522665544,1.042662372250434,0.031044897762356697,0.22226613244824175,1.0745527831064616,2.6911553866256974,0
-1.7731234338675654,-0.7100811190404376,-2.2142735187720994,1.8402598157575993,-0.003694786281199347,2.040844529168609,-0.5977095137330924,-1.5262709967222121,1.9293512586647774,6.613438863996541,0
2.0200661851967374,2.028628924269873,0.19155618271111607,-0.762767942682147,2.908914718307039,-1.3590426948686134,0.9584765276047547,-1.0964024861514015,-1.0190711899760632,-3.8516813366141376,0
0.6288198322374736,1.5351487200075487,2.533723382106747,-0.6784451202818015,1.9386660291491196,-0.4034579247086618,-0.65695517639841,-0.3775546564089599,0.8180891119151878,-3.591696005866328,1
0.7278296611788873,-0.02465728073149379,-2.3956043721395925,2.387278473818552,0.45122692764834715,0.29802622125733425,-1.885766918754242,-0.3938018684435067,-0.09220250026605292,4.355033444920325,0
-2.5853384785975657,-1.3116827504667838,-1.5333165919925262,0.5167236290979007,1.3027053722677806,2.586954716792596,0.8676320839061359,0.40410165500900846,2.808505364042631,5.271689179244818,0
-0.5712329526133614,0.024857503751269192,-0.10947444033461018,-0.5941728822873921,1.0385721193437485,0.4157777804669335,-0.30045486881775135,0.6084077537992262,0.6763191390153923,-0.09516419047910371,1
2.412607109547604,-0.5138386168427719,0.057188600443139226,0.7098820216113529,0.2949262990511936,-1.9955814624386514,-1.1473219676483402,-0.31242179149504906,-1.7072446161518022,-2.316252800984855,0
1.8511559326610383,0.8307098504960894,0.5949592837237205,-0.21481734836242738,0.9354384573347029,-1.8059727737761593,-1.0173239077974048,-1.615366451276726,-1.1496222654472672,-3.407026945421219,0
0.5081401239326528,-0.18686959685039925,-0.8888346907829043,0.8335577421177018,1.7217211948720221,0.35270917530644097,-0.23891284198402865,1.4301556365598782,0.3414596865282351,1.373968416042167,0
-1.314722823241993,-1.1100035718859267,-0.5889835945304674,1.0884745401096743,0.8171676093894562,2.0023415540427276,2.4100486494071336,0.2214916232783944,1.879902941678551,4.072422420989219,0
0.4577882405494264,-0.2074775226838726,-1.1736603735466768,1.882925204738839,0.45371215561269806,0.7315838457978854,0.6286252328412164,-1.2693952066156047,0.2101905256458414,3.3616907409443173,0
0.7823603420735872,-0.4652168666180802,-0.008543217566809425,0.661881395439148,1.8443409436893208,0.48986528646298266,-0.28879530269948617,-1.0692868554188253,0.21630542648844042,0.4289756746898866,0
-3.7828596329257227,0.6702198972773387,-2.164094422162465,0.28517121246086485,1.809300519175193,3.507815031057197,0.6769663873395375,-2.273496259115304,3.8756243298342734,6.871087933470355,0
0.49171338199458575,-0.20648098517684707,-2.3501426596009396,0.20744045349936446,2.699802432716882,-0.09660699161708153,0.5604813988049354,-1.4708050816732672,0.07566816984236102,1.1746234460217149,0
-1.0126287552401847,-1.0078138987374312,-1.4351551778763203,-0.758241197855817,1.9928385732883989,0.28394089568579484,-1.117074142461746,0.09960575652144064,1.1793209057087364,0.7324886399881441,0
0.13430129614926795,1.1716623117805505,-1.0697745858812522,0.13304110050235196,1.1726252587922905,-0.4344170814210613,-0.3653359530124707,-0.599366493840319,0.28297410842992254,0.37561710264312614,0
0.5215746575705661,1.677462930312606,-0.5683090748989623,2.6773459225314573,-1.0997823912730817,0.6111985645217803,-0.4924460743305178,0.015807544111839433,0.1213586807428193,3.998280498012331,0
-1.3914040124984794,1.4182403547575644,2.3096222123257366,-0.4849754261802828,0.31806776981104046,3.2510457235040002,-1.5888184753202212,-1.3889081710291074,1.2960698037318314,1.0479481892107014,1
-2.2148258883438277,-0.12011364321136973,-0.6604247827744821,0.8539085123245267,0.8567908154533329,2.3984374306891683,-0.182420997152417,-0.4846287640039644,2.7189429374265974,4.744299145331186,0
0.6428109774161436,-0.7150218680302427,-1.8931542231772203,1.399105687733506,0.9043164722162907,0.00818044156102582,-1.0285765255061254,-2.2481428867921633,-0.11926683376556779,2.5470641761399913,0
2.8792919024052432,0.12536531576516902,1.3353762564630487,0.540095630562338,0.690302163548254,-2.0355965647545817,1.161398787431406,-0.8112571191371925,-1.726841415492581,-3.831623106287825,0
-0.11252672796839414,-0.16966815878122207,-2.5781450945671645,0.29502385145535015,1.526284640203193,-0.2555510672041936,-0.8063626971363014,-1.345583400104966,0.26996292351551254,1.8978944356273586,0
-0.3008132156250786,-1.2171204023529052,-0.1891040104085756,1.8725791436911106,-0.4234123730015027,1.258944742910082,-0.9878306809204656,0.9332324483156341,0.886931924700945,3.680197818859587,0
1.2794870314027034,0.03786191500895019,-1.5912468298336018,1.0425895017894917,0.7228772190817686,-1.1969325595235434,0.5845726279495681,0.0038030761231874206,-0.7172276239919928,0.5880891563610317,0
0.26452299459811657,0.0005000650336295328,4.450541807251739,-0.20571079689319838,1.6842170466461472,4.199328810318345,0.19630441692435538,-0.797813748337336,0.5296295592657863,-0.7523097847332708,1
0.707521721508416,0.8075309998188095,-2.886908555757815,1.8347693786079373,0.23971431427171563,-0.8342165655558389,-0.9732423133725336,0.35918304919208,-0.318426483826731,3.224379391765149,0
-2.2886939827199346,-0.9809871983289186,-1.3989840733551648,1.4688635670778858,0.6144185882700479,2.9618641522341385,0.9912586581920886,1.0383776547651489,2.625328120395449,6.525965629992978,0
-1.88425173311504,-1.9854610204177623,0.20694030292499277,1.953754700324362,-0.24727081046132793,3.04110432540593,-0.610022977498356,0.677359521686422,2.5498910995634345,5.889865245178576,0
-0.9904331835252163,-1.4689234636701936,-1.0745868625546704,0.22472988193861776,1.5740909965793817,1.0646478917520594,-0.42444870314248145,1.0358252384175684,1.4413288616519129,2.322926202559697,0
-3.1182582654023054,0.1524347668741858,0.41449125651718255,-1.2790968738079556,-0.9938469776880283,1.5895356616001075,1.182234028938315,1.1606990035971831,2.1823606444435844,1.55598239671175,1
0.24683335074173546,0.2666727637833204,-1.4938205328872582,1.0570138544949677,0.4782622413087534,-0.12058255144495367,-0.9070081583826592,0.1798310795379064,0.12901479776189007,2.0721907343851766,0
1.327523319975147,1.507633558913684,-0.12617282781635342,0.9914434354199526,1.190942022616025,-0.1489965199038754,-0.6921522120768903,1.308011915661778,-0.40817249232970854,0.16063969560974292,1
-2.9210531767673564,1.0055352259745598,-0.9779519027286815,0.49702954117429454,1.320099441743996,3.133807694930701,-1.14553821799892,-1.3633726247211584,3.238682581175812,5.487138696606004,0
1.5507370503401514,0.4990855654659427,-1.4261098083889805,2.2616409799138166,-0.9292563375086083,-1.1994010806868531,-0.13480087150720985,-0.7065605788334728,-1.0412754096984012,2.0202824031522746,0
-2.63726594111452,1.9015592551136702,0.6807061722815269,-3.3482582000787238,1.1236057285216512,2.696688367148451,0.2448193738945395,0.11127676805327562,0.9956279179194468,-1.062654451082011,1
0.18049628943756396,-1.5402476320310767,-0.29715115032956263,0.8593408454572306,1.269349792621233,0.6838778561848546,1.9833862348517115,0.549230796501648,0.6401471997337714,1.5161721885936348,0
1.1498964989036102,0.7792738873941635,-0.21554954255866676,1.386431500643996,1.016816946201034,0.173462282440925,-0.29057510309736223,1.411050901059224,-0.15821676231564674,1.1033162457740766,0
-0.6100798601841948,0.5054042734309971,-0.031232034320793023,0.9919550662345884,1.5796677641095678,2.062474114994224,0.19584524701068554,0.6950206950882235,1.4970286682663234,3.012566246151904,0
-1.7919177519835339,-2.1643098678478396,-0.7369798775604839,0.5455759600791013,1.7162689495793515,2.4861360050792047,-0.3285994380915563,1.1535634286598602,2.361219755082474,4.066852776577954,0
-2.069435339126624,-0.21339221860714852,-0.1255738908053643,0.7899983996263433,1.8814790616040251,3.2987984870820455,0.6546766174823133,-0.47326504683304876,2.89443638774313,4.710994004567669,0
1.4767305698638231,-1.7645959092770471,-0.7526772631654074,-0.9813708539329369,2.6048982488438437,-1.561621117543814,-0.22565670321806863,-0.08560808947124605,-0.9043607121677304,-3.1931543952963297,0
1.9178842591949952,-1.0149348063096417,-2.014723104377932,0.9878244773313747,0.817684787272248,-1.795699236869488,-0.7611863848144755,-0.3815241391915724,-1.4559826324835377,-0.08034194642668922,0
-1.3857700228780572,-1.213941706157383,0.5159084285873736,1.2208598603300784,0.323205415349605,2.1895225893226247,1.9391925690994662,-1.401002838156084,2.141175324270141,3.7111457152836134,0
-0.4489908562856754,3.061946965406219,0.9381615759926307,1.5773329640496165,0.06380978826800376,1.8433345348369432,-1.1031827573082331,-0.3125427371001645,1.3339525227917481,2.984464823206473,0
-0.26405890924657954,-0.5728720895377487,-0.32114431497889195,1.3481464475295146,0.14777565806365134,1.0038669420550137,-1.666610291149916,0.6902368003802725,0.828851221644255,2.830236875359502,0
0.23643555461341123,-1.1788166402247968,-0.795459834767813,0.40965829172908286,2.3035022759771717,0.8171816658196288,1.346669723754866,-0.47434544190347283,0.57329398130215,1.2274636382272839,0
0.3283486804302197,-1.185860547130203,-0.3170215411993418,0.7940301616545049,1.1939492218298218,0.34411674461194897,-2.3219564173418106,0.5418420893363174,0.48415165581027464,1.1073688797195067,0
-0.03794595715172937,0.2886539308074841,-1.3972030918594784,-0.3724874601865267,2.276472599542088,-0.10945284894819363,0.07477626792196859,1.192496559031471,0.49851046064391147,0.18826841713522655,0
-2.0369748728895,1.3867580661311534,-1.6570845642211052,0.8816075903129484,2.140730275697803,2.942616052887047,-0.9963916891670672,-0.27987308616602163,2.613857155771052,5.589233332398759,0
-0.6174274680241716,-0.9362886324067723,-1.8062122890697494,1.126294303211538,0.9134724801889457,0.8589287676366294,-0.3958287807316623,-0.17962400023523706,1.0317468749809793,3.6448607051576705,0
-1.6716599166937427,0.36144203694732535,-1.8702283925645597,0.6566984750693114,1.0252710076218574,1.5208572466756605,0.33834666692159093,-2.0858158589232887,1.8560862747856084,4.303565192671256,0
-0.7574363468358004,-0.08675575054894435,-0.9636310255570146,0.705660188513484,1.317234329613634,1.1280652693647373,1.5682397589196513,1.2903681221946703,1.350454154985248,2.7667039614226225,0
-1.4993852775527485,0.11210494682451708,-2.0210516591596597,1.588586010669725,1.1992309836363164,2.258753033029693,1.7446391732586815,-0.2810196472715856,2.0267382520095567,5.9800595023682295,0
-1.084422922801128,-0.3016338835352606,-0.5461115830721112,0.5878026213906848,0.5690423157470772,1.151189724188368,-1.5205413173698987,-0.23391503064445315,1.4470944979766645,2.660956816135391,0
-3.393713871465154,-0.23212931854845434,0.12492365639110337,0.8008410500480376,0.8569238513412784,4.145525660716036,1.1646149903103564,0.7322345071326534,3.844847680700836,6.217492676715835,0
0.36916274866429033,-0.9561768831496472,-1.4446248232563552,0.6534192713058217,1.5152736956346962,0.016084939395596853,-2.3091837312848655,0.15705360540145066,0.2087939565116953,1.4148596337529118,0
0.9716177413734934,2.6846742380640736,-0.9500954292931775,2.395127552338839,0.17213838925818392,0.6133062542703686,-1.2332688262968767,0.6607233944637488,-0.12293005640551025,3.4393502589903227,0
-2.4654282957977816,0.5822444775637607,-1.344543233584067,0.3791584124348265,1.7817533668765506,2.6165739411545355,-0.0659746208908102,0.4506555553346548,2.869899160186265,4.845266218344197,0
-1.6253996383710283,1.7026964883479363,-2.4358962192218487,0.38249509018360284,2.352062483799693,1.9636659839351662,-0.07474416815016639,-3.324755719911096,1.9333981373268465,4.479752999066112,0
-1.8090050359822702,0.7087186735179315,1.5838383682238222,-1.34549966810326,0.292693715716424,1.9272912872919634,-0.7601894489620864,0.2871333541229858,1.447271598548017,-0.18592345863325116,1
-1.333487765666098,1.0286543794558898,-0.9675448295147451,1.781989953619844,0.7047801093856938,2.500181302727234,0.42956300020347943,0.4333886157338947,1.9899069324588123,5.601959109669493,0
1.8207417902972902,-0.262978803780678,0.2648044561857543,1.6950216786701056,0.3958950424785145,-0.32414041964539986,-1.8357112740410206,0.3300650008126215,-0.7708051349188036,0.39835692027810393,0
0.7277816087652397,-1.4622247396898422,-0.913190882378333,0.41384159674695153,1.2040644322191587,-0.45722424613428236,-1.1722604528915,1.1468791992518994,-0.20180195195710526,0.18050040281655666,0
-0.4830491235123277,0.10574947944435283,-2.8223821180121362,1.1374499401334521,0.9277573572519474,0.38728856966999026,-1.527219922471374,-1.417623934184772,0.6722802815627056,3.9338850657224635,0
2.9507819197361753,-1.5796155074058769,-0.0333312126416212,0.6146847251536367,0.45850241536255665,-2.672504410733954,1.3787097462633506,-1.244831238218157,-2.1611323413224164,-3.260618262794707,0
-0.5551588170079498,-1.3441144703631869,-1.219526343775568,0.18359786023659164,2.44316070320475,1.3973848807792024,-1.6032604668159496,0.2475119165762044,1.1377276670546006,2.1986660385566124,0
-2.3000584124400785,0.8205554190063729,-1.6545104696767114,0.5106921199017695,1.5746835978185012,2.3242048258763424,-0.2517306819925051,1.1336234718590492,2.6315668176838614,4.926135661387431,0
-1.2450082115250083,-1.3162700410740993,-2.0253738141449706,-0.6320640439758879,0.7383521488718049,-0.7797975234217631,-0.8082184087866364,0.7099291292005268,1.075003172488576,0.855633190908107,1
1.8122316032632129,0.5720927784049213,-0.558026122594341,1.8022041315195487,-0.029338731699586784,-0.9416697399024891,-0.08488981850235336,-1.2433239284060988,-0.9889325879959396,0.7231479399689311,0
-1.9051207858135077,-0.5951034386477235,0.1579309972686752,-2.7721166941446542,1.8070751272900347,3.405475983854963,-0.2828867205196255,-0.6190727365172086,0.3575706780158817,-0.058984123659791145,1
-4.313792812170566,-1.8847863590162737,-3.6157487844030674,1.0847464936205344,1.337886485137885,4.08503924292652,0.229314128434647,1.712667712838569,4.100308901935348,9.748093675795726,0
2.293153957703078,-0.8145947931704389,-1.300596832564137,0.20053969151770468,2.0948575653876294,-1.9422602423300517,-0.5462590381260406,1.2212356600669605,-1.4838940501124225,-2.1008941438371393,0
2.113544758805169,-1.0299346709057469,-0.7857947991315645,0.9001096181740346,0.7245207460675044,-1.7133375005229996,-0.7490314709550956,1.21737356975163,-1.3900332558395507,-1.1198684588550394,0
-2.2213415153678313,-0.4054100076137785,-1.985122631512307,-0.29194725590053405,2.5461561935878008,1.9269646253912094,-0.3608914194246071,-3.471429891938383,2.519617784168783,3.6828784012626317,0
0.4854096265863462,-1.729897831726847,-1.0065797722186252,1.2402467742729297,1.012016390283408,0.367685752341814,-0.23091025368155538,-1.7022132660800113,0.22670471042416118,2.0826626474843337,0
0.14395759358996982,-0.2247456205149846,-0.553680395661279,1.05891100062798,0.5006720698023241,0.2941304020698008,-1.1326690518768963,0.3443557692879563,0.46845139398849434,1.7855172055348383,0
-0.2918567375725987,-0.37940449898584194,1.2827259483357043,0.6050886267727048,0.9070070074370409,1.3406015052559777,0.3320652491644065,0.8811833430420066,1.228660195436437,0.937376268676185,0
1.4581005765007893,0.5487082679850316,-0.42985589113759226,0.3522624287943008,1.5065603552109994,-0.7763985891312322,-0.5811460454500165,0.026681057110535956,-0.7228545550739482,-1.0192354775206711,0
-1.0714355505546664,0.5347785458050096,-2.115083763434378,1.8798067741252777,0.23326525061415881,1.568633999778824,-1.0370175693877663,0.7438156985004581,1.391783949819771,5.729344536083947,0
-0.8612598365839375,0.04426797334911382,-1.594876592557017,0.22542137098186465,2.398157084920541,1.4491530085400866,0.19153929944483014,-0.559742473595482,1.3746594680101898,2.7745669942686884,0
0.5745514154184835,-1.7073844825439868,-0.10421347601630637,-0.13644040826176562,1.642299511452575,-0.3199895090452607,-1.553583543414807,-0.2701599923826637,0.10009360504613751,-0.9280792948475383,0
1.9885924751536712,-0.06266452353256337,0.2996688488303998,1.2340284399356218,1.606871275970823,-0.27141357071264705,-1.8506316416948525,0.7803428116164461,-0.6728505581866449,-0.4344787084615339,0
-1.861193065198163,-1.2767729521310867,-0.612051630122147,1.5240696132047296,0.04479265306637292,2.432718338057572,1.1129465302072028,1.0776513095291436,2.3029479898965812,5.429575368262264,0
-0.9377886843187682,-1.5763517088994359,-1.7652858235688818,1.2593928533808294,0.54119487444021,1.2071681415192541,0.3535478631986765,-0.25593056166975336,1.2260698100779879,4.305915118301265,0
-0.027752733088625723,0.49748525730565785,0.6210153887509946,1.1332965998834585,0.7047484664328711,1.2845202825688036,-0.38538332752521576,0.4204524772475584,0.9178114280069822,1.8667662642018519,0
-1.5742541008282667,-1.0883194870290538,-3.3685625289045906,0.44699286429754237,1.3141675735505516,0.6639178823888181,-1.2793704958528451,-0.1085929707124442,1.4988291928703525,4.367492026615047,0
0.32176092763842695,1.3520284761807149,0.2639514078297982,1.4585642127314578,0.5759173275367928,0.9513651948064048,0.282187407430427,0.23641786235993267,0.6117342004285297,2.057807020630807,0
1.5928354283004162,-0.36879593667783545,-0.46486178033047276,1.0558871395392027,1.7904698910840116,-0.11626562782391314,-0.4785672420161137,0.9577276536620096,-0.5293162058523064,0.24426132840468937,0
-4.412850311564075,0.5389191851437345,-2.7143665506826586,1.187204682958876,0.321964404396919,3.741327792241824,0.2961848047310136,0.3752169571571625,4.223320384312672,9.191597112613842,0
0.39043769463894107,0.031075966875013874,-0.2917863889860015,2.077581952167467,-0.05688303941839279,0.921733164784816,-0.6766708032480138,1.0045929091264905,0.4169181522336479,3.2367656843728083,0
3.723492859714475,0.48178370786128394,3.682977545307651,1.5619340815117297,3.24672778371104,-3.2557683360793463,-0.6958614201447756,1.4014290022660747,0.4817434721722196,-5.934161179143491,1
-0.2686557422234298,0.8485620344757479,-2.1768721371142723,1.8000986111965729,-0.2985890463427858,0.15475498727600956,0.6385178605944855,-0.23676860296405963,0.5278115382305063,4.149435881641033,0
-3.882012278977926,-1.6263193539615841,-1.3875781171507198,0.9157202069118708,0.5969065102647457,3.845818277866246,-0.5299377694624893,0.22462578538901948,3.9598676582922074,7.583838419065801,0
1.8761685705170827,1.9094186522934937,0.6361536519419335,0.3806798824302572,1.2043439028019147,-0.9510912773115876,0.8098893216611167,-0.2167365144042404,-0.9375197946428493,-2.1154227570303266,0
0.5505037781375394,-0.682390994285895,-0.845843210637432,1.0641317176741025,-0.09904057282765044,-0.5067738082137234,-0.6768292163870117,-0.3606479120661918,-0.17367413608048166,1.2028133130138907,0
4.282680825435583,-0.17769397711340018,-0.3007091834632639,0.6540330369336609,1.7126822283527816,-3.007166712708843,-0.659602268519233,-0.7048684538154905,-3.1579072440759486,-4.3576687082596415,0
-1.1543139510625737,-0.18504072266080399,-2.4124190953156375,0.3600628054150231,2.3022964527971324,1.350447185592811,-0.6195556750216844,0.153831916078257,1.5221973357094272,3.6664061048136594,0
-0.710086558215588,0.48252404882859146,-1.1405171480648366,0.5965239367571644,1.309227336096337,0.972143274714897,-0.37059052307245194,2.1038060921274098,1.2048459453508884,2.6068638989087725,0
-1.7647939659073626,-0.06638761758997193,-1.6469576881692058,1.2246708503383599,0.7692134481620387,2.1112629576170328,-0.33263731835095905,0.4915421208773093,2.09054223451633,5.388829954704327,0
-0.46519061441941306,0.8947235146471376,1.2877291390353751,-0.8184931104615585,1.290931886065447,-0.06821310521259294,0.9016233760593639,1.6884421557461313,1.2051012136086883,-1.806005380497618,1
-3.851356206983964,-0.19394940044265363,-1.2390887294729156,0.1929007393761084,2.916969886150702,4.6021798735856345,-0.6633043217745173,-0.29477928429974354,4.419653810416589,6.81111042215684,0
-0.37676928167323365,0.8103450155363101,-1.581883580552835,0.6058841248944908,1.95094653776402,1.006120283701722,-0.2696416252968609,1.1069647663026416,0.944811177825857,2.6394194157232116,0
0.1924805674964115,1.4597318750379402,-0.9999615460182594,1.5320860517753458,1.372158125501606,1.2271662508779195,-1.7201025509478183,-0.5984259353435604,0.673342690883531,3.2312964884460382,0
-1.193562281236645,0.2555736537123689,-0.5809249508989907,-0.1221869511024356,2.8921370778670394,2.0648007847936753,0.9886691693580026,-1.3514457648919713,1.9713220638003928,2.24419399600739,0
-2.3746221509875594,0.5410567634926378,-1.277014213915475,1.8405978191357095,0.720540718327891,3.2724930002356576,-0.15348427895585648,1.3872574110525957,2.9689475973994695,7.185494041986346,0
-3.274931892299223,-1.5365236149437833,-1.7180683748245933,1.9732978416291904,-0.7370095127640335,3.357070110625823,-0.2149103551500782,0.2767934493252883,3.2582465011084087,8.532708403461317,0
-2.5953104705728762,0.48444660527893796,-1.9481385528128174,0.9307027735753702,0.5261994799215741,2.356030073873994,0.4616662947113632,-0.7922089061846919,2.6268130453251715,6.019999076497195,0
-0.12062685823083345,0.12284343854019797,1.5460165552020997,0.6014599260204834,0.8121205842128383,1.1450857365982205,-1.0086640011668284,-0.2773160565659805,1.1261223395980298,0.49809391593676955,0
0.3033895796602239,0.8382368795711403,-0.3502385904412245,0.05551925102040722,1.2936921558808632,-0.03267292821967316,1.2444980760210578,0.1320209226175572,0.19995392261003841,-0.0731244338541493,0
-4.112655526283416,0.8593137911229725,-2.4908326715600193,1.1344981100277507,-0.018722866358142687,3.239345750729757,0.4667162340051821,0.5063669775262545,3.8929281041479866,8.434854895078146,0
0.5656283197334123,0.42265506550160375,0.33708607652395006,1.042339179867916,0.26647828163962217,0.188122620529099,0.10947060404728903,1.0525289413496632,0.16600506961435924,0.7929234361190735,0
1.9174317681563828,1.3196444944772996,-0.5201692954568744,2.4234543453823285,0.02191026112327854,-0.33171570261348404,1.8192231832997212,0.03993639721469045,-0.8874617650526904,1.8427730743101713,0
-3.4972674871131693,-0.10622149384201134,-2.137312676493492,-0.13695542179970133,1.8220634239921387,2.944452579141168,0.0834811255198509,-0.5199750884075218,3.450676826254494,5.70695756359095,0
1.6506003500232396,0.19732726259521088,-0.7609935193468573,1.9075901489610458,0.07934783254944766,-0.6858333483550585,-0.812727956918432,1.4985825720118682,-0.8235215066694896,1.2846328282727062,0
1.7862509502957609,0.19229297814189597,-0.6218379220385818,-0.1663823766356458,2.537521298295279,-1.0599256555074539,-0.14822287759177039,-0.8784828365480701,-0.9221381926394834,-2.1010935536101063,0
-1.9899208921804565,-2.5583683832571023,-0.8474419254069938,1.1241856524345326,-0.35316471882330536,1.637244834909187,-0.73151340389633,-1.0231955113182944,2.193407349013442,4.6540136651079385,0
-1.5419554221574374,1.3461782636266248,-0.06544641909261883,0.24949347075406358,2.1541927836233357,2.6389391332766676,-1.07787181137719,-0.688717666422915,2.264532272911202,3.101332246232997,0
-3.8584329185493713,0.4233419486085754,-1.010529375646637,0.9768504519824572,0.06632540867136016,3.7678198628106103,2.0807659040391893,-1.7443307192782576,3.863501632321334,7.386961868942489,0
1.3634266596613702,0.5939267344226444,-0.494360025666275,0.5926257764955635,2.1691644806822623,-0.21572033532578216,-1.1044112775115846,0.923970458584404,-0.3262345506591582,-0.2760827326320336,0
1.5627932311867838,1.1919588561171166,-2.660759439855589,0.8401817597650005,0.7755457506448914,-2.0655767903495414,-0.5922665308251153,0.4064774772384181,-1.2656449484926906,0.24807108453955085,0
-0.12551232899953177,0.3305733926254358,-1.7212647114479425,1.699941302842332,0.5371513333388263,0.8873381005317837,1.633948183523648,1.7547755448465847,0.615754853124956,4.028744767709168,0
1.6515738254205434,0.42496611624754527,-0.819400062867329,2.112994833415191,0.2864463867804943,-0.37937999022496927,-0.7796562804607097,-0.2878930064412945,-0.7126083307344082,1.7814377096481593,0
-2.5400436858045943,-1.0985508408063949,-1.2666203991353047,0.4922520678529091,1.7322777947073233,3.0180895471693443,0.09831019223810258,-0.05282800457476905,2.8999248733021887,5.280543431263496,0
3.356518871010581,-1.062297155166374,1.254979777713094,0.13383783993697485,1.7216062971550297,-2.137090340422124,-1.1982833857471582,0.8635966592465905,-2.064283154696718,-4.824696576808972,0
-2.7393875779146266,1.0582070469439075,-0.8507390954600698,2.2435073480870313,-0.13765711243056122,3.9183013302448066,0.9375601222047649,0.6336115405758314,3.183840200347021,8.221297450535749,0
-1.1730875582648286,1.6221931015494289,2.147314312110535,-0.47411153321904886,0.09802827659654267,0.14718852053039833,1.9511420482977946,-0.7730834555704812,1.9551535417419088,-1.1709103239180754,1
1.5815369912855424,0.5582916747557968,0.7784782069074121,1.2228550346104425,0.27088726183463074,-0.4052374929489515,-0.16037100058244824,0.0013796510079850618,-0.6278247066972642,-0.4345022967998771,0
-2.030171500937529,-0.2757021929208664,-1.4574294034389763,2.1527471162836838,0.3681404776178101,3.233395035487386,0.9406961438226822,0.4961649055979363,2.5061077201973014,7.475673391977459,0
-0.04986209319179092,0.1411692986915413,-1.3901488589011703,1.9291201293493996,0.9176408006804647,1.3872687978013805,1.118457644847877,0.5493156445582286,0.8104379226593854,4.348945495642084,0
-0.6474981333422717,0.004093007675456265,-2.5866214512685457,1.0651988151817895,1.2031974866248194,0.7479760827253719,0.7931693667930979,-0.01653575024762565,0.9324160013884102,4.0206072957109225,0
3.591424503588802,-0.07436859881871455,1.9014059916350359,0.5703201857786132,1.0073826090177393,-2.245153171022027,-1.733826354483668,0.3409526902216264,-2.1653093361592055,-4.882514276757748,0
-0.5761708768737169,0.6100231697844505,1.7477080964702871,-1.1199548186132642,1.5982076275358374,2.7332762905445884,-0.4691413650790981,-1.4281484954450976,0.47853500750121125,-0.4676316822602989,1
-3.0036593807745082,2.3502058000057215,-1.715810122522962,1.2073276984156738,0.8038013136889958,3.249522399811497,-2.664332321074447,0.6729432044950393,3.23764510272754,7.107916745622299,0
0.666878090963967,0.9808534491374752,-2.3240218790288125,-0.27741454066293714,2.8479971531277704,-0.6069853284869984,-0.7422295201916345,-2.1615603333191933,-0.2003840699494046,0.03216831022959048,0
1.3799014900690982,-1.2542988629357519,-0.1504791216139606,1.141702809582253,0.49996318484560476,-0.6100834014658016,-1.4709087571875983,-0.18677191419529146,-0.575141302738283,0.08179209764024084,0
-0.5012058399586856,-0.3271181965888122,-0.4700133758197127,0.6987255899307603,1.6720500387667854,1.4774338171305978,-1.6235552380231333,-0.10976950381614235,1.2597367767404333,2.4391472231855187,0
-1.168907479344486,0.6411866624110701,-0.7921613697347225,0.29466759717339375,1.3911884723070667,1.3129998891122348,2.141383118511077,-0.7506028975812151,1.6349331265824842,2.5406630714382787,0
0.10868085553144395,0.22374831957430621,-0.09613768059371464,-2.0263521215700795,2.9374928046832363,-0.7761125385026926,-0.28026910446356673,-1.8259842416276302,0.2696789525955299,-3.483468335944141,1
-2.0166893929232734,0.11617308407654969,-1.245997456092462,1.6881695711445688,0.5440818400201702,2.91650351923355,-0.8448984534104736,0.4015606083877186,2.4616323850497057,6.4801374806056895,0
-0.0038916121281756567,1.5475700950289262,-0.9722112225469224,1.985444348177976,0.21537559490554792,0.9897295149406872,-0.23769512468964085,0.19223476419523094,0.7226636280667825,3.8930404875874918,0
-0.9796278642485334,-0.5022751745078862,-2.822944094018887,2.0661298832268704,-0.0300228927433559,1.0672282065697551,-0.4927552111940789,-0.8361069958796004,1.1828339700867767,6.06744826752445,0
0.39448129963946604,-0.10755913185890842,-1.0468828444036127,-0.5247764938706423,2.0940455578176413,-0.6803861132505444,-0.6950436601497395,-0.041169476912550004,0.08669848640057842,-0.9456260652515813,0
-2.711621028217242,-0.4141211679455457,-1.6824457500878118,1.3704760704146008,0.34627450192050124,2.9471628472575615,0.8058902285478261,1.223853198573728,2.86014579446012,6.920634287815033,0
-3.52587417428976,0.7741314616193651,-1.8503688403128686,1.71506416664311,-0.012956047864909559,3.612023719927445,-1.0014370765050777,0.1932074227141938,3.6382454052679347,8.574118465128054,0
-1.7305641531521982,1.4444203881536917,-0.7991174945644398,1.0887873992268746,1.4649639174009499,2.702171960940059,-0.060288991391611785,0.4547951696423805,2.4145126520947793,4.941641630418948,0
-0.31066696150645173,-0.3722724842855991,-0.4949012880769267,1.1460820830502587,1.4658032716894402,1.5010060672310241,0.8247490065722979,0.8160068487744233,1.1909331843133053,2.9310056011013894,0
0.07867936036413674,-0.8684410292521488,-1.3159841013877496,0.3830247626637794,1.7552202985231036,0.16698833412132608,-0.6852061978594057,-0.15155545500997972,0.5146005645272893,1.2681624612407727,0
1.596683338018026,2.6342220436499586,-0.727425258967046,0.5905272236135333,1.622004836162286,-0.9853175904029043,-0.8051092398862925,0.9578822281769765,-0.7161885434092967,-0.7692754947969838,0
0.6504638247378718,0.7289091555627822,1.6253696128285333,-0.44807157668377673,1.7117237034802657,-1.370390287728526,-1.0372657409627284,0.6186301201097418,0.8376830038982763,-3.3438739109644353,1
-1.6240829588981196,-1.1838851760524995,-1.7187419438134555,1.9848193342147156,0.4743826106695461,2.5390433228609677,-0.7145470084708703,-0.26170506767822693,2.0858327796618443,6.646250980206939,0
2.191601944908016,-1.3283149514650507,-0.23205118775530564,-0.1353692328569609,1.8943923637999929,-1.8833243191511624,0.07747371873722987,1.5135979746527783,-1.3108969389764877,-3.136978756568573,0
-0.07781466508081895,-1.1182741545652792,-0.06566297484739325,0.0802751170452688,1.9897349695065802,0.7902094425701303,0.7428594795772315,0.11386940030968377,0.8686743770323602,0.5396227927542752,0
-1.6930041737263855,0.9280450710056922,-0.1719624376327591,-0.160905944456461,-0.1596226749983538,2.374391322639535,0.5428283512706765,1.4695825373608864,1.0518230906412223,2.836897676177699,1
-1.8740398925171329,-0.8702562235172253,2.704116429504585,-1.3930483450413378,0.04616274906333606,2.0753886052654886,0.21911060003441002,0.07714478588312636,1.7283768196844107,-0.8477866041918501,1
-2.736577687826389,1.1115786571319681,-2.3932950888863935,0.03126345996217328,1.2398757076745124,1.7294013313682361,1.93470599843339,0.069746848841049,2.6367506598885275,4.756232436234816,0
-1.3734147987445378,0.16491014342655733,-1.0939733392178548,-1.050985944059759,3.237383825324506,1.2858562725078782,-0.69435797073338,0.3299794609568569,1.850852456752534,0.9514549229794926,0
0.6655394808647449,-0.04168080238989361,0.04949759680776489,0.9830634723345617,1.088251343022148,0.32579546421325667,2.0179079638332387,0.21631688156850074,0.2681010164979294,0.8507701874225156,0
3.039980967747539,0.15705458140944115,-0.18317362871553766,0.7718047204062768,1.5610827643736176,-1.869728950884717,0.16274441484639593,0.041379052585847835,-1.9437563530891047,-2.572954139446326,0
-1.7884452323312334,-0.7844906432421096,-1.8526840660625177,-1.4076967839584078,0.843201213960947,0.5906741086949897,1.1446062820500897,0.20971329919736692,0.88135962219131,1.1008853188938614,1
-0.5602889969635625,0.6084420694741921,-1.7630042902307783,0.7881290656166253,1.7215184180422676,1.058865321703556,0.7143189358736531,-0.17194793491127605,1.0952644405516132,3.1930427375479864,0
-1.5187806194671531,-0.13208700551914349,-3.4656323945537126,0.7359905155325878,1.7597231580826302,1.1381749270538501,0.1767547933020496,-2.6847880471174923,1.6447387289930555,5.051316287195162,0
-0.2515190764700879,-0.8074354014696146,-0.9792114806025509,2.202389929996923,-0.18855011356042217,1.3975255221397083,-0.14900519936386536,0.9315712686810645,0.8254255749916568,4.688580040152841,0
-2.8193153361201135,1.1650321048394572,-0.3801157956729224,-0.7777801205179952,-0.6090467516149196,1.7141097041144424,-1.245593911614555,-1.9700004554188741,1.9982734012502623,2.5806027105856097,1
-1.0017146547091134,-0.8595000398001769,-0.05941032182955153,2.0068606591001448,0.17345955753304065,2.471959623631524,0.5251903903377283,-1.1378071596536348,1.787329295892473,5.058706800832373,0
0.8253979412561305,-0.2731223524069119,-0.9039244641492852,2.9630374984960715,-0.9854441193636423,0.4090615250688572,1.0544316549732602,-0.5261623535474892,-0.06683271427032755,4.222189183607051,0
-2.3438863235168492,1.2497807014036066,-2.790705185368827,1.0615518067794665,1.0406058436047079,2.1838819756713326,-1.5150953429556504,1.2177484856512002,2.4121066218131064,6.413272518135607,0
-0.1446464744025796,1.70501414720703,-1.6470233836580563,1.8365713525942495,0.7913857714842121,0.9763765265953963,-0.30080331221692885,1.6149768189111484,0.8563984205427262,4.1991359283383165,0
-3.4387885912359653,-0.06827762263933808,-2.542308327118384,1.0324168266532472,0.9100065365921971,3.370408094849793,-0.8513704503128111,1.2338172320892937,3.3829949478834758,7.8465449659871025,0
-2.6461609963776436,-0.9086502957414381,-1.129529772842363,1.1250299825569983,1.2584678506765279,3.499508962362263,-0.7150481829666253,0.44198600639503066,3.08910973943049,6.464970497435248,0
-0.5044304869568584,-2.0966756985697956,-2.0320063793574454,1.0110298400525832,0.9338423767133528,0.4720882443353822,0.863791824569662,-0.8923253901884467,0.8775004914556306,3.296393119470173,0
3.96480515441734,0.7800702973910638,1.2338771084286266,1.1367847284970138,1.7249356981239123,-1.6740548877391372,-0.6302185531976071,0.06992926714063982,-2.341768099725002,-3.6361449152617444,0
-2.8662499654142803,-2.185296847334906,-1.2908491337546308,1.5618654558094476,0.8093470057251564,3.6182542185359345,1.1438367264203908,0.4033003902452816,3.3253722808711257,7.427622595109689,0
2.3440028066862357,-1.3141458544552165,4.488670983385822,0.45151606136239586,2.8660621751866153,0.5266613586822768,1.7666554892914357,-1.8360719875025393,0.252606632130967,-4.183077512464074,1
-0.6104093137795666,1.5910193057751172,-1.4294215911315333,1.1694781685689937,1.498382764639602,1.3876269070985519,-0.20576859802966765,-0.044743180762598096,1.30175478737638,3.742279396473844,0
0.48851059555785203,-0.4307147004602912,-2.116246136515022,0.3867494504043434,1.4582153415185468,-0.6084738621879366,-0.146059885047167,0.1295004510080991,-0.17193354716507736,1.0191932212912673,0
-5.414867351330961,0.2595735614802209,-3.207983419682254,0.18626972109272133,2.0338632021259624,4.858106015757087,-0.045700231096779335,-0.7649919487561274,5.1330429384330865,9.576877658389797,0
1.1316924732700266,-0.06466752999039241,-1.422265997445737,0.9563908100696784,1.285968243726225,-0.547511955766462,-0.5555693479479282,-1.3013435268355793,-0.46657264758779493,0.8648428676474156,0
-1.2204360809081323,-0.6574321575531379,-0.6404746199361765,1.4200668239484087,-0.3590896917226798,1.4230157367425733,-0.43223783916462677,-0.1633208072838984,1.5627212771717982,4.184931206335573,0
1.0943959114820603,1.0877398432337475,-0.22442565268023262,1.2237284725767905,1.5569614055174408,0.46170868429412026,0.44350172058452486,-1.151868384586774,-0.02376254506258979,1.0856174372655827,0
-0.30922231186029897,1.2102435005068763,-1.6468945211471429,0.8479467447725646,1.8545063494883471,1.1132792815848136,-0.2690165464148226,-0.5908170987358049,0.9081008934851479,3.0325560841926387,0
-2.1984300268000716,1.1466239165619274,-1.6137142130944087,1.0625632622634904,0.9305796416996791,2.4916347880138514,-1.1854623535951,0.5209681655748287,2.4927978453212836,5.721705799482278,0
0.9059691744257098,0.9484463498615354,-0.708428524158617,0.7897436689086388,1.500564994345588,-0.15435707040803037,-1.2859547737148262,0.08757821895358911,-0.05935528780150734,0.5715980085635054,0
-0.3325163471285232,1.7687717832594205,0.6245933852029897,1.0958897353584034,0.5316106443604549,1.4238014807366624,-0.4921435151960026,-1.354018358498404,1.1422547480553915,2.1534929191932504,0
1.1012536034755458,-0.019749093534627345,-0.461033062916567,0.5944399683816215,1.8570917269197673,0.041932604947305,-0.48657989067380747,-0.7961707046937446,-0.23222776427007896,0.10986081720145068,0
-1.9990437101190794,-0.6095678288359828,-0.9876248680919385,1.5567894787780885,0.264101840056127,2.59428095806643,-1.0133158355977259,0.7011863260703732,2.417322600460791,5.921944825014111,0
0.6550558742248912,-0.4790510573617538,-0.41495836492510485,0.9695448653246433,1.0571604535306616,0.12112179984729532,-1.773504333949613,-0.6903866261386762,0.15941526585482613,1.0225851619469377,0
-5.7793419812441424,1.354019142371523,-3.084355682566928,2.174484950355747,0.5580207226706659,6.342696352898905,0.6888909324916298,-0.1418016249960874,5.671190399194824,13.513363536793937,0
-0.2864942557814498,-1.3687045435596683,-0.16695790068543137,1.5892378612360474,0.0696217631495325,1.2643165464120598,1.5479997539240187,-0.761407543284805,0.9405958874379422,3.2407618789397286,0
-2.0815076884711186,0.2619503493413132,-2.1764085714201045,1.692866834222834,0.741819480206835,2.5904861042569585,-1.2551077492566356,-0.3511962018037653,2.4241119980797636,6.926254758617523,0
3.0309886900839507,-0.16552815135332738,0.8267294027633494,1.1925398912346754,0.47645543953602776,-1.7102323090558182,-0.6793845698063502,-0.3770441691342582,-1.8984025267230242,-2.4968630669151683,0
-0.90694621786476,0.8291298273361137,-1.9561015794991556,0.9165169187492626,1.6023454645594501,1.4516682201192777,-0.02733193410609337,-0.6561959548884432,1.3484044710481429,4.032958145712693,0
1.1825071357832533,-1.0195062023841872,-1.571147130039041,-0.31465498942626,1.765593289938731,-1.659725793678183,0.9344277832313074,-0.241749638893447,-0.7855055521219187,-1.536131885347659,0
3.2787969933408694,-1.2981268850546304,0.15297052409283252,2.8354811124569457,-1.166666831675656,-1.8010042406142128,1.5781068079115141,-1.1700176505989124,-2.1828464326097445,0.013544893382706313,0
0.8480615590270065,0.9729965453330005,0.9747058084828564,-0.8836507404753501,2.6444892309884627,-0.10645174840072724,-0.3754938863522174,1.182352844091784,0.09203468492427036,-2.7908993661643366,1
3.4448798227627395,-0.4226335607215581,0.463456426174252,1.9980683309874405,0.4123762796999769,-1.4656716984465352,0.6765980166158473,-0.5359591454092917,-2.14227970164251,-1.3305280127768724,0
-1.255715080896294,-0.31676510593564716,-0.6740735974122294,-2.8985393780216024,2.386019599613485,1.1551384918177925,-0.022577941094418186,-0.18561746791792078,0.24241776768441792,-1.7757835808819853,1
-3.379272648678967,0.15040543817616392,-0.14494625720332122,1.0909380240732105,0.8642884451914494,4.256081976825534,0.10052009450816196,0.5877316524799424,3.8844372869019956,6.8432345514902675,0
-1.0308956504223952,1.4432895536319423,1.0225295026819683,-0.407239544028278,0.5442834832983077,2.107159549363436,-2.206418848383733,-0.5458425859710776,0.9423470434579773,0.9452870528178167,1
-3.7692012135757103,0.02128043710406337,-1.5532060200308364,1.1196245210317783,0.4720255347753307,3.7921156097053634,0.8867323595545424,-0.6508327256299632,3.846264664229948,7.854677492375981,0
1.0701939351480894,-0.6500166686704533,0.5137992277014025,1.678778956211863,0.06080211361670951,0.35677600290633815,-0.662130845467599,-0.5978083864853595,-0.15311412507901334,1.2643024067128728,0
1.7826996984980434,-0.7036545495665113,1.4255824978531373,0.39531888980046814,1.8428133494860688,-0.2314739313604688,0.9319797549595751,1.8133439519827754,-0.44856900383930753,-2.1404118624735533,0
-1.2890695155374772,0.06749368124727499,0.1554775408016602,1.566068517987234,-0.4265122551998841,1.8046239032826341,0.44508647135340157,-0.3500184545911409,1.8670603565810477,4.144722510813474,0
-0.9511375264548075,0.18966087706342083,-0.2562144138501704,1.4757555444956243,0.7429674628413032,2.2477699691442945,-1.6054650897190463,-0.43900595087122857,1.6718490094518939,4.257797589003199,0
-1.2299536708154113,0.5233950169020153,0.1076406331023062,-0.6345255396042264,0.8302494754433096,0.4217917943505153,-0.3255873571531219,-0.3125161606756704,1.454476848524406,0.20050662260486055,1
-1.1320768424003704,1.3965968915812639,-0.7730522096383905,0.8496289132789664,0.7862283630679074,1.3270079001046828,0.4146479851047827,0.7511308478058506,1.6468828731451852,3.287592207088583,0
-1.0013912226160058,1.235121821948528,-1.4974967283699336,1.0195773034648759,1.0314597835021044,1.5322877580627197,-0.3200919809443903,-0.3966621598219177,1.3821636362512641,4.034724051673399,0
-1.2973118941149313,0.17721878507168543,-1.3955956423674463,-0.08938006887597472,1.7994041318202112,1.1704192832043312,-0.9120541021539065,-1.0280964078219301,1.583242248875933,2.41543321242023,0
4.157222213994373,0.3389936853092464,-0.06210700341668218,-0.04956331990222562,1.8698065544297129,-3.521782202996512,-0.7579922225186737,-1.5663497329640925,-3.1140626268884404,-5.716501807390976,0
-1.32450406057739,0.3430670089259352,-0.6568957458791134,-0.5696407639826029,2.890253017867579,1.7188438108476087,0.30845010833151476,-0.6662842005099068,1.9352186412388166,1.5737885857478995,0
-3.9433282501026143,0.2954272865648849,1.10262050543551,-2.862463852685236,-0.3805667656360252,3.563742500105319,0.6634477291515113,-0.7242465320583404,2.0463727963656693,0.9859765450941148,1
0.5324660713907188,1.1083376866371504,-1.796073645370524,1.3865519753451976,0.3555466824413195,-0.2578532693056328,0.5967827796749764,0.9266055080444071,-0.13960781617606033,2.4151539537868754,0
0.3659668267215151,0.33372786356187306,0.41579801078499234,-0.31458530523860606,2.344262395160859,0.3079458656544467,-0.2976109621166948,-0.09012474099101125,0.5740647673071175,-1.0012673501522793,0
0.0025123040933029937,1.0370472887399296,-2.167776661475917,1.7763223762691174,1.488391499617598,1.1441115662939048,0.740590868103047,-0.9521788067393494,0.7381236345137219,4.420445791341062,0
-1.2637534761153615,0.5288313018130198,-0.8335252456836189,0.8736334516971676,1.160936236679197,1.8498825018870768,0.1508702132775345,-0.11787406458159562,1.8143913763720647,3.7846494910802333,0
0.6811503881520274,-1.4004195603307676,-0.6098801419069428,0.09278610577591229,1.401479447943803,-0.5686827482729018,0.20677477983441644,1.4170204129816264,-0.10345006833261339,-0.5091534570656879,0
-0.8649336957817704,-0.9614883696555376,-0.31539995642073615,2.191883131492605,-0.28866065200175384,2.1343116514742313,0.8308523242793667,1.3924721629425727,1.5254729199694643,5.187410855305434,0
-3.530321565627943,-0.23794354734707465,-2.7471248899762206,1.1562866011716986,1.1735116900969902,3.602580482052518,0.2690240681375333,0.2436370470275211,3.5589931897482208,8.348182217977149,0
3.262396548621687,-0.6176091818007866,1.0220535662551664,1.1240835438442605,0.5473915632581232,-1.993308405760171,1.7616889307921924,-0.2828465461777933,-2.028735570574399,-3.0958108798219124,0
-1.1724020796434604,-0.4628156863395111,-2.744934699144391,1.3272198863616458,1.2702528174844976,1.4303997584842998,-0.6126946458776085,1.0518950572656043,1.505363518603101,5.319206702811363,0
-1.2830479501884395,-1.6547282764099975,-1.6287530070833212,1.9466046924580191,0.6857846806218475,2.34988430215856,0.5387981587692622,0.15111043728480744,1.8369169020063447,6.131981382121115,0
-4.653113259799595,-2.8325195707762085,-2.3420388748285648,-0.011864452406375792,2.0144577732562907,4.269909497051074,0.016890716242483676,-1.4414820616097774,4.551784732853404,7.758595765291601,0
0.7053177365891945,-0.46843384828036677,0.36525742666762673,0.18550345713497618,1.2916547331387351,-0.1502850908342337,-1.154694742632866,-1.0954009030092366,0.07870776215180697,-0.7774476309908877,0
0.998761428381201,1.3704096939838664,-0.9536973882684531,0.6379811543418452,1.433141073435482,-0.44707817093687696,1.4294578020440076,1.4644543122672997,-0.2976946870509547,0.281871890213069,0
-0.09429637507300344,-0.6627844787943661,-2.0747352334300047,3.2755093144317855,-1.255687818372293,0.8428739713781922,-1.7474530846950653,-0.12804170627461128,0.5848972510698291,6.434701322053618,0
0.5974853885411907,-1.4263789222814078,0.5265028609680225,0.100738088178561,1.197359855942991,-0.23877328216663463,0.7813622223625104,-0.8466462488663622,0.20114483223997237,-0.9733194644288233,0
-1.3540225950017395,-0.11565356854823089,1.4689317515134341,-2.5583475677736374,1.6271755003855404,1.4784409022036906,0.25258992737909125,0.6526464071770783,0.870660303524752,-2.4495945786879427,1
-0.9969844634306874,0.09682817740951716,-1.1570826580456068,0.8485203692145596,1.3855531070407143,1.5405746499402055,-0.5038467528248772,0.34438421737853486,1.5665699809624085,3.5413951688120897,0
1.8934874181615133,1.1646652085015716,-1.0589915340661278,1.6125347122405778,1.0724262753665599,-0.6820809625314246,0.6707409459502034,-0.2922597619017695,-0.9269255783607873,0.8319510066634737,0
1.591512592996893,-0.5037895841039367,1.8267563174778854,0.9231260317578984,1.2307152124749456,0.5153145321024049,1.214797056894385,-0.5975686357669662,-0.28965587399810233,-1.008021216991462,0
1.4209883984243887,1.6263804056686328,-0.6882066426179679,-0.3966415567273658,2.428839614336857,-1.1726134610458891,-0.5026196138317597,-0.29859673760962646,-0.6517210449962874,-2.155345504149363,0
-3.325911975046747,-0.3217062178214337,1.4539477312875175,-1.6985770363213901,-1.3026245597402388,1.5233467960280862,0.07587738995981268,-0.27269458215246056,2.412666213903072,0.43257501864426373,1
-1.1378289141113456,-1.574979469433024,-0.8269974251166661,1.6221323114660873,1.4704555318312769,2.7665778297953016,0.9260623778119661,0.6556014275495079,1.9861051966937695,5.2628216269767245,0
-1.342087761938798,0.40902805374263734,-0.33196680535065115,1.6483687576663684,0.2663590198425252,2.259377128570944,-1.3255099116824065,-0.5507211956955113,2.0049595690391357,4.8727295711660314,0
0.3071428379094964,-1.9321671625260497,-1.2624834318434976,0.12236043318881595,1.9694313941772963,-0.13739127384692384,-0.6754811770399278,0.6731320206897123,0.29014334469401193,0.49370221381824736,0
-1.698574329198668,0.21187867865182275,-2.386051124019826,-0.3398309073909802,1.5836581089957509,0.7300156979318206,-0.8955560935463348,0.9960086593886697,1.6096404759913505,2.7843093019112986,0
-0.5310117038419645,1.6953884584519632,0.22222643565919498,0.8252362665031928,1.0114938212352966,1.5243123328756178,0.0437797627138891,-0.25584113690309174,1.2783940519882926,2.247815148312304,0
-1.4449102788278112,1.623263185486201,2.284843509463893,-0.06310647038494566,-0.3514119757366354,1.6194118481606194,0.9173151613587754,-1.7204456102367125,1.8688893335297623,0.5532811726620683,1
0.5059301160587971,0.07343451924111885,-1.8352371634542108,2.256825901519066,-0.47030440930750794,0.11227701401556611,-0.33637866311040404,1.2823634741156038,-0.09975045049955655,3.9293086844245355,0
2.800035207421373,0.2612666841318994,-0.43081420665480685,0.8394701715982968,1.278069205002278,-1.8386797996873394,0.3319425566668639,0.7991788199053993,-1.841707895481104,-2.0879819074159744,0
-1.6652639717900384,-0.6873843120907001,-1.8521400338859588,0.9939305666443718,1.2445996914862292,1.9562304689054293,0.850647667782251,-0.15674207578227609,2.0358281081295546,5.0017320961912075,0
0.9708624315950696,0.03257557740856184,0.09781883484154186,1.6989449847617637,-0.817881426270312,-0.5151215625278436,0.2139038682014817,-0.18941367098154974,-0.3076385267490538,1.1296082960561824,0
0.45652907136639814,-0.7431342647679838,-0.9942079785705362,0.39643348552044055,1.45332624275063,-0.2143152704786888,-0.7970028035821819,1.6714828911820923,0.14255202030558778,0.5533556544839314,0
1.4307084666112049,0.6240714151194757,-1.2587641933315914,0.9746727757588809,1.401646848447454,-0.5380902095984406,-1.144261431391708,0.05729035445301627,-0.7175792785927897,0.5539863952146464,0
0.39426307845558184,0.8098578416370265,-1.4038069259377481,2.4820430822376145,0.21389068782632836,0.8537801108913802,-0.6493916937437452,0.7720947889752895,0.43648736502723817,4.445842573114748,0
0.18598263694545963,-0.07421097854939082,0.10414905693054011,1.02106674606406,0.27761561237869326,0.5186981381472159,1.087464174031497,0.9241618238559027,0.43634118301865,1.4341234662917577,0
-1.384510677383617,-1.422006524907533,-2.316237316562507,1.3033482586866865,1.5996942518095283,2.0926145264826164,1.1050607298029094,-0.8174008969073498,1.8491441113814762,5.576012775695256,0
-1.1845528333344504,1.0233855816274011,-0.42685296875301637,0.8115993470351675,0.784926508677265,1.5566332142512207,-0.1845846632453155,-0.6981955330916091,1.732571045619003,3.1990808660499055,0
-1.897831509835808,0.6052237010182555,-2.151003014310732,-1.6105009261672252,0.7923856318706717,-0.017362685891196827,1.1154332973811345,1.0527915569027135,0.966383493615326,0.700563031254918,1
0.3140301377575768,0.2983918465663045,-0.0925007824328884,0.2955869542504036,1.378407226288782,0.2963778256647792,-0.05519823428737651,0.4848786815321318,0.3662009313744058,0.2705177629571199,0
0.3664539079203923,-0.8643910709141808,-1.9896439951389282,0.8611236184301917,0.5884228375957294,-0.6551611354091234,-0.1409279142776198,0.3165403266086319,-0.0871129557984065,1.6889226491524032,0
-1.178185981348681,1.41299475562683,-1.1775933749151943,0.4799442246963316,1.809817374514608,1.640403165953149,0.32570735781319976,-0.36958552891713703,1.7272034359491166,3.2380266066118613,0
-2.58760518972834,0.4450358641161897,-0.4739464492040997,0.6029104553030554,0.6933233393474931,2.7299858553062335,-2.092107229625224,1.412834056769892,2.8918661032387307,4.815900017946169,0
-0.18169118769984255,2.110135582085623,-0.3493443496727575,1.1082718490531425,0.6724088901074841,0.9539477852059903,0.26853398646480875,1.5130092660039889,0.8424851635904713,2.3896429432056157,0
-0.12458502993364493,0.766467368111596,-2.6767240162348735,1.9669038144153799,0.6232559031702936,0.8220189989213867,-1.717794095808261,0.2848686434904174,0.5095199486862896,4.978471528186216,0
0.21063934055644823,-1.6490334353493064,-0.2476491359849251,0.7164500862749473,1.2412886476869418,0.5399710547085788,0.009880609829763149,2.075637542165838,0.5621521936175498,1.1785171386215292,0
-1.345987424720705,-1.0182496443282278,-1.244757347023525,0.9401261997620336,1.5749486629836476,2.1760455836353962,-0.6992382172851277,-0.49235807399351306,1.9091706352734168,4.400383349098079,0
1.5493222232247048,-0.3977041139069179,-1.5583995925158756,2.930004405229214,0.5868160825477753,0.496985534893557,1.8199488505496704,0.9525983946489063,-0.4691934526101509,4.002319061901597,0
-2.4991217997027464,1.6022532256069097,-1.7451573229530402,1.8522166386420253,0.6822680091363761,3.241448055186189,-0.7420061356576401,-0.41796350383864467,2.9547401996912974,7.598083705595276,0
-1.6170438700023186,0.37109405131392204,-0.38036495915264645,1.1649739624986093,0.9142346524062223,2.647648329481313,0.04796144598154671,0.33184386325851556,2.2107189532132487,4.689687264305343,0
-1.828785076421275,-1.8944730688369646,-1.0812039839252172,-0.029544452721492975,1.6656081246768637,1.6338241155542452,-0.563700175057901,-0.0830336034927732,2.178026831983451,2.9979397183371415,0
-0.4286834572743626,-1.412535763421003,-1.117394159639469,0.27547010453695886,1.7165701091999024,0.8237813607039642,-1.7438481166328978,0.1190184060539747,0.9060661638553522,1.828050827921291,0
1.5228442145283452,1.0152280916650722,-0.7533604424913339,0.6375935636369913,1.8237753666048813,-0.5170800545564922,-0.24123106629735142,0.5488788438189564,-0.6634709842253477,-0.32740574797486,0
-0.8168325833363592,-0.37366207826417036,-0.3241568241933306,0.9207234158644814,0.5171283857301376,1.2066680296975854,-0.5072714105938124,-0.5939031720203022,1.3630307798214871,2.7848059455710747,0
-1.759254558556294,1.2893968634300244,-1.7366169478705218,0.7099597346278458,1.5329009550394552,2.155447760197218,0.9680064749406335,-0.2089541552240141,2.086591596606487,4.735503563998597,0
-1.8488480960716573,-1.5259297187725958,0.8151475047240571,1.1336901728219537,-0.18460774765018528,2.439203330985877,0.6178748004645681,1.0445139862434607,2.43036425880379,3.958369895029743,0
1.8450606099468831,0.3250141362565419,-1.8280487308245088,1.5298008294252132,0.8560842934157429,-1.1654032335447724,-0.44624267421975117,0.7540831702904721,-1.1408435842960376,0.9775463761248753,0
-1.0200863006888123,1.175283107824049,-2.462753154224278,0.6944892923134014,1.943685702273791,1.3416323144501847,0.23215594974203504,-1.2031326020166928,1.3740324692162749,4.066665279477637,0
2.0435823923358583,0.4541831671898381,-0.3273898628027746,1.1269103020261517,0.7548110739084082,-1.065960818626845,-0.5347332475595915,-0.7124941928082376,-1.1979611246082618,-0.6421548783541139,0
-1.2364475236134347,0.5400242316169221,0.1469488314706311,1.1409362219259644,0.6353912022136108,2.2755120452013546,-1.299116644301067,-1.2222118086729215,1.8940774300055603,3.785686447654668,0
-0.31346117793891487,-1.1416718217393904,2.5122331034087138,-2.5962725141872505,2.425731821361366,1.3884331802577938,-0.37670042990356545,-0.20631480361932888,0.35004530963196556,-4.12474977834793,1
-1.6616835218259833,-0.6530916613503364,0.12718569924652656,0.8779199682163121,1.5114022701642882,2.9371804045579335,1.189515042665042,1.171120631033927,2.46660514608004,4.139810782890097,0
-2.1507290455476125,0.22857652751789734,-1.5710636011029522,-0.48796261081514647,3.3698884406825775,2.691358189584923,1.8021648084314457,0.3831002120732203,2.6034300401262525,3.54489478316623,0
0.13211554706185447,-2.1148662950169905,4.306961880925399,-1.4360179417177306,1.6363784415483382,0.18892716578260826,-0.20902109965135976,0.5334850768245277,1.22879375663284,-4.982242063425414,1
-0.6496673628599522,-0.580143651502776,-1.7863981295412943,-0.3212559417404486,2.4639858953360463,0.5702114245546661,1.369254797421876,-1.1385673730496195,1.0204920423758945,1.4255624510802984,0
-2.953592803796886,1.6643170981246351,-1.357618363067267,1.4210024189640684,1.0001430134002713,3.6562717896814716,0.7247238578942587,-0.8645657272783016,3.4029109750786906,7.362338396512602,0
3.2701801601276475,0.6550406137817893,-1.8314886828376964,0.6279763400067153,1.9087965786924646,-2.7293485345101463,0.6356615967509606,-0.5487491334148188,-2.4493324948455135,-2.4239134125364656,0
-2.126530317179221,-1.416433628196194,-1.2123753081918904,0.5713715880293626,2.548724386129341,3.109867473186678,0.6531931105803095,-1.8655451010781223,2.8346369926545933,5.020145632287737,0
1.715240148352223,0.6199263323958049,-1.495179874316736,1.449539827365605,0.43559223355571264,-1.1190734836221599,-1.0890801161478045,-0.15582147432910282,-1.1401052741459017,0.8169757016765236,0
-0.8070198636496334,1.2745918752935148,-2.248513923905536,0.22941158083884938,2.3392541443684935,0.8921153174008715,0.8100623040526913,1.0751759356684585,1.2371329981757209,2.8061740542783467,0
0.2107279912606078,-0.5280369978529553,-0.17449673227145035,1.2871426888482354,0.7256738542793996,0.8268979655893657,-0.5070756155235057,-1.6684515519110479,0.5998698397823023,2.1185702025158,0
0.8527514506247388,-0.30149736352087375,-2.9931215680863366,1.2669516542466948,1.2163425356065443,-0.6217093524717616,0.24917867171389732,-0.8934932338876084,-0.4909422868271138,2.510895521535174,0
-1.3249908444087615,0.5863329755781368,-1.1181725633748432,-2.1737643982061385,1.567392108504091,-0.3155000126651244,-0.3961260979892287,-0.45310586798071245,0.7487715686827141,-1.4485953697772838,1
-0.29812554630240057,-0.20074916355286412,-1.3712760741475127,1.5724532442630417,0.5689582099289133,0.9769595867460805,-1.2321423298148326,0.44786174775179377,0.8625086216953384,3.805662669783484,0
-1.6491475484261917,0.8465180917273377,-0.2976610338638088,0.9288279713677314,0.5252469380315175,2.101424756230715,0.4997664384960225,-0.98026117629751,2.1194662586442203,4.008703738842943,0
0.6295585398924621,1.0536123992436601,-0.5114708031628697,1.3436229146392078,0.09601014715475908,-0.06245133681651449,-0.7234628088702879,0.1207568061894677,-0.024288394909714572,1.5639927138693364,0
0.4578763968772296,-0.3496149900355497,-1.2972644300246792,0.9959500963885346,0.9122700150432612,-0.20603330436639,-1.1998597221795984,-0.29225521544384025,0.1460809007451661,1.5957830611048247,0
-1.3592656254308333,0.47369313673222746,-1.5251209665931627,1.473367117205977,0.10570283389038826,1.495106840873349,0.5230790040023944,1.3308671803671674,1.6637190797993622,4.9674369683791255,0
-4.044988391486927,0.16465515535856898,-2.087062196404302,0.5176208689203889,0.8144565694623827,3.43213425951913,-0.3894015430301985,1.5909049049045176,3.9058850851132143,7.360770939147411,0
-1.9368036200019743,0.4874139269048432,-1.5901765920026856,0.7844268915576486,0.7924759312631885,1.8636575971257558,-0.21645222277144752,-0.6302864440651417,2.137758811472918,4.731626781146395,0
-1.3023104932449046,0.16057734961564119,-0.6569298710705302,1.4839865582679375,0.6911115037250809,2.4841752549045686,0.053307420598760376,1.723465340067103,1.8654063757104171,4.973338263109097,0
-0.4602700634903071,-1.0219741103907962,-0.7223504258475955,0.9685964315636062,0.8773021096003314,0.9581104030662762,-1.2060002010724695,0.3734932694017224,1.0704855724623805,2.65033734827462,0
-1.3392011259608012,0.15310199293432541,-1.1266470510921525,1.7464278947846688,0.2643618279556643,2.043344469684651,1.018157247648752,0.01424416401371203,1.8514771191306045,5.396158903648285,0
-1.7773615119709596,0.5371784276257605,-1.1319287134681288,1.2257252996120247,0.9273461539209676,2.449980887663286,0.712628483846429,0.7595464695780427,2.256328082258245,5.263414289777476,0
-2.329523118596389,1.2613181018500463,-1.681933860632069,0.46820645652645665,2.2403645273476505,2.680451389301747,-0.32782352634269685,-0.33849396429229733,2.8460934587847397,5.09013204510269,0
-2.7946897722346966,0.9703933898468512,-2.414339048402158,2.350010477068832,-0.415179380088859,3.181999575958151,0.8033650488211627,0.033327925665802005,2.871897101360078,8.993806506138109,0
-2.3550825651492198,0.08796882105283044,-1.0847335891553345,2.692803285536564,-0.6222407717029612,3.568028566797177,-2.3912744310241485,-0.07487593820648959,2.7841628071710405,8.488236991620202,0
-4.661493484454776,1.5203392373095028,-3.3994417076510977,1.6718563852775248,0.7008006680358871,4.673122504133843,-0.4947809457668834,-0.2942648717935566,4.472680874321474,11.086414194680199,0
2.024174194467495,-0.47933686144085164,-0.14890443309346213,0.9422695078811102,0.9192365275271648,-1.1271403565907328,1.1558850841927,-0.42093888569228466,-1.1242239605952595,-1.0506439001179648,0
-0.578250840952659,-0.5380372431374223,-1.5239237700650778,1.4841264165918704,-0.0020503157537581362,0.6479718306138917,0.06691572423736862,-1.235343817146005,0.9268498126780603,3.8302992462708687,0
3.7671258654618156,0.579643229322647,0.7653793991464954,0.8746821556191503,0.28425403774440683,-3.103569002103696,-0.46026340158332313,-1.1354608936981305,-2.6682701545055014,-4.357245401339847,0
-2.7862469324735004,0.3959356756267731,-1.0101536054377471,0.7717337266032793,-0.2591666415651448,2.259517364325272,-0.0833842752742931,0.1856925897410594,2.7373444329075705,5.320424519020352,0
-0.5918851789373667,0.76527643836476,-0.4447909132152298,2.1255889064303126,-0.4721679885924195,1.4194626941582356,-1.739065631104434,1.1129056673809317,1.247732653663693,4.509049278258244,0
-0.4351904856155163,1.698092906333733,-2.1765655200992917,-0.139622347291408,1.6632324085078891,-0.33075042957158907,-0.8650714271711278,1.5677961311964723,0.634912143964421,1.2248507001090359,0
3.5404788461280714,0.9970937554945338,-0.370629536873196,2.0498357624788204,-0.10158796233540879,-2.4148543546902927,0.40787678237532143,0.4525314363594847,-2.461004543667448,-1.3693874823813632,0
-3.7092991097974117,-0.07737239133277289,-1.114099649712832,0.9453723397391777,0.9837144969637682,4.1551209003521725,0.015019226594289363,0.538061720181809,3.949384496223559,7.483888283782841,0
0.7296434855304006,1.3417007629419926,0.4789460792338103,0.6985426248244426,0.9354349505146362,0.11111653833120916,-2.3306547635468995,1.0859266963227974,0.15324725179185927,0.007054274173336731,0
-0.7491526683949215,-1.137687456550734,0.6805194371864105,-2.4235452621266136,2.207414864627601,0.6429050411207823,1.2126082374204565,1.7348318912272276,0.49958162714679955,-2.8224917776575733,1
-1.6582057957457528,0.6918098218337286,-2.86684666827039,0.6594318757189649,2.495980579516191,2.073079224579063,1.5973727899525147,-0.06614328487366697,2.035795990457602,5.218391300406415,0
2.216819459647808,-0.6303124792529813,-0.3968570047261095,1.4563738435188454,1.380215413852256,-0.660883269386805,-1.008055477111948,-0.7580853266871995,-1.0475701317960353,-0.08010788976456881,0
1.3574890885944633,-1.0630179915769966,-0.7774315815325196,0.17592162682435264,2.2567795478469277,-0.5414867550899232,-1.1656715902886647,0.01804164863409918,-0.5372518566814231,-0.8479159158222277,0
-0.4760115340191767,0.13784450488078345,-0.7295461541457979,0.09258679085295407,2.191164588863961,1.0722670270920462,-0.7027280159126388,-1.2046932828281127,1.1421873965761742,1.4811219022493438,0
0.48242031555777204,0.8651986080012756,1.8151357041243128,1.1937839425867267,1.3966708711695754,1.730978096329411,0.16666168705732284,0.5660859827442142,0.9444061738962248,0.9856671870656831,0
-0.40744669226200186,-1.1171413268765105,-0.2976662571852857,1.32996986293674,0.33716320511786657,1.2962675735196667,-1.0120948857975771,0.37657401513912436,1.0005814611141763,3.0800741034297654,0
-3.620072840893823,0.4287906399387243,-1.17100585154785,1.5033903849537058,0.11802097040331594,3.9967084478556885,-0.3411079025487173,-0.1664691282352289,3.7965329702840194,8.157158748242223,0
1.034420170813571,-0.4691490300258103,-0.419228548859769,1.7092982377301107,0.7246341333896235,0.34339995272423507,0.6446282463176967,-0.7072933806359618,-0.08296531130208873,1.8941269700507561,0
1.278762569655455,0.35600262922502623,-1.508544165156494,0.3426601114324218,2.285605641811841,-0.5936575222646694,0.21799741066613734,0.5414075688725882,-0.5609732112656096,-0.10961622909256273,0
-0.9045060436781146,-0.5531921834348867,-1.3924705554486811,0.16703016942793825,1.6025868830871637,0.7100748330126407,0.7036416157931751,0.15915894533210567,1.3185466777093242,2.1535028118761512,0
2.4822973820026664,-0.3357309949197217,-0.5320283525885641,0.039708875571848656,1.901511261583134,-1.980359386039813,-0.7894453602409877,0.4334897174485225,-1.6349059296942907,-2.9822235562122716,0
2.0391090900382793,-0.7369861804167557,0.8509372126149239,1.127820838276184,0.40974640760383785,-0.9725974806708864,-0.6984887957236937,0.11255071500822862,-0.9714897719588336,-1.3537864292137767,0
-2.0484753141085004,1.4961022334255598,-1.0919221617104027,0.7175483823380641,1.199835344785275,2.4243361798899894,-0.4759886023863676,-0.8404709356859309,2.4272442042793525,4.731968987949597,0
-1.2134980028436002,0.4276172815847823,-1.00431155137976,1.519391407546056,0.48027722344345025,1.9797661015123234,-1.5613523357772998,1.3798386997400571,1.720083016377922,4.861576984037907,0
1.3065595870064728,0.7151624007606846,1.9109023618893253,1.1726881136256764,0.25001320236378155,0.29348420484322946,0.8521788848080184,1.2514564218142645,-0.15747198798644746,-0.5911241343604746,0
-5.412989782651224,-1.1082574618159868,-3.48912296756719,1.3472406496127425,0.4238232144559446,4.62258731628372,-1.661243162706422,-0.8285154361374998,5.053108027228275,11.267654348005609,0
1.0243287946431556,0.3313416467793406,0.5568663127828533,2.3929310852677883,-0.5703986267098071,0.7069342341804106,0.5334008512375619,-0.9626870321079533,-0.05501550929444177,2.499363045194831,0
0.11753515616205962,-1.0262196387450275,0.13258742050226013,0.7775451103695086,0.5296769476612286,0.3284752472526662,-0.36623153931826163,0.44388023021743567,0.5691955486797206,0.9881689895399169,0
0.37107434434322906,-2.2363290283141453,-0.5047632878771162,0.9352003681977276,-0.27349029097967503,-0.6159186355351474,0.41076218957588423,-0.1868033912610023,0.04213739915949577,0.8707529638312279,0
3.63235872862672,-1.9642925222356131,0.25760058164354027,-0.2929733288548688,1.6346994688270216,-3.2801620652897236,-0.4915611585980846,0.34494500154628505,-2.6996422983466393,-5.675553844726783,0
-3.4824656259648865,-2.035530842817873,-4.069443682720013,-0.85808365766903,3.3379402288220255,2.304400868061025,0.5383240223969266,0.18424791394410256,3.2541498336411463,5.494976392502265,0
-0.7982526445187993,0.36860082912020287,-0.9849136120602886,0.3531571717720836,2.09325967977077,1.4670674430616812,0.31572526693549224,-0.09733681866268276,1.4392882230975128,2.5144881936149983,0
-0.4290216833145942,-0.5186079790302947,-0.7870154736605823,-0.015961530742867325,2.2383517195997813,0.7915302196420803,-1.0780621499637142,-0.6366700950057121,1.1136344190864889,1.1435580071851459,0
3.2899146120582436,0.4803046530132987,0.6033795932118797,1.7265357996760866,0.17527963783265643,-1.7908949864308923,-0.5693837001481272,0.5684802252745983,-2.0807916453693904,-1.868469396065009,0
-1.5189701457878744,0.1053093208790869,-1.9371738413805146,1.5839925986242256,0.6250323866921029,2.025952587460454,-1.5884645404175581,0.7929348534931071,1.8670113059147766,5.829324135843805,0
2.1696850658099005,-0.4237764114480308,-0.1317576764706495,2.038205603634866,-0.18219196192674292,-0.9991333210223026,-1.6173629501085678,-0.7166398700522447,-1.1880839984642049,0.4477126905395096,0
-2.163635549182017,0.0018459552310057436,-1.6192418839493132,0.19390979463294056,0.4665296654152774,1.1617371184647334,0.056336286812120925,-0.5121457323481332,2.1055646918571105,3.697740834944501,0
2.4029927229842687,0.7076364237084876,-1.5300461095643985,1.0163786535038004,0.5420446939482353,-2.215386226985849,0.0090381865123073,1.0648767392902379,-1.8673195727046132,-0.9965119456993885,0
0.11802988480147925,1.8276809829496963,-2.5270433702897295,1.6650823599364561,0.5132103607347698,-0.9233632116268338,0.9179676706663622,-0.7658600900863026,0.6196440506040507,3.083047725320022,1
